{
    "Laptop": [
        {
            "id": 1,
            "name": "HP",
            "price": "30440",
            "description": "nice product",
            "image": "./../../assets/laptop/dell laptop.png"
        },
        {
            "id": 2,
            "name": "DEll",
            "price": "30440",
            "description": "new product",
            "image": "./../../assets/laptop/dell laptop.png"
        },
        {
            "id": 3,
            "name": "SAMSUNG",
            "price": "30440",
            "description": "ff product",
            "image": "./../../assets/laptop/dell laptop.png"
        }
    ],
    "Desktop": [
        {
            "id": 1,
            "name": "HDDP",
            "price": "30440",
            "description": "nice product",
            "image": "./../../assets/desktop/dell desktop.jpg"
        },
        {
            "id": 2,
            "name": "DEllDS",
            "price": "30440",
            "description": "fds product",
            "image": "./../../assets/desktop/dell desktop.jpg"
        },
        {
            "id": 3,
            "name": "SAMSFSUNG",
            "price": "30440",
            "description": "nieeece product",
            "image": "./../../assets/desktop/dell desktop.jpg"
        }
    ],
    "Mobile": [
        {
            "id": 1,
            "name": "Iphone",
            "price": "30440",
            "description": "dsd product",
            "image": "./../../assets/desktop/dell desktop.jpg"
        },
        {
            "id": 2,
            "name": "Sansusdng",
            "price": "30440",
            "description": "nisdsadce product",
            "image": "./../../assets/desktop/dell desktop.jpg"
        },
        {
            "id": 3,
            "name": "nokisdsa",
            "price": "30440",
            "description": "sds product",
            "image": "./../../assets/desktop/dell desktop.jpg"
        }
    ],
    "productCategory": [
        {
            "id": 1,
            "label": "Desktop",
            "image": "./../../assets/desktop/dell desktop.jpg",
            "key": "desktop"
        },
        {
            "id": 2,
            "label": "Laptop",
            "image": "./../../assets/laptop/dell laptop.png",
            "key": "laptop"
        },
        {
            "id": 3,
            "label": "Mobile",
            "image": "./../../assets/desktop/dell desktop.jpg",
            "key": "mobile"
        }
    ]
}